1,TV,"https://prod.danawa.com/list/?cate=10248425",1
2,프로젝터/스크린,"https://prod.danawa.com/list/?cate=10224476",1
3,셋톱박스/미러링,"https://prod.danawa.com/list/?cate=10247180",1
4,블루레이/DVD,"https://prod.danawa.com/list/?cate=10253453",1
5,액세서리,"https://prod.danawa.com/list/?cate=1022804",1
6,HIFI/AV스피커,"https://prod.danawa.com/list/?cate=10222639",2
7,DAC/앰프,"https://prod.danawa.com/list/?cate=1022809",2
8,사운드바,"https://prod.danawa.com/list/?cate=1024257",2
9,PA음향,"https://prod.danawa.com/list/?cate=1022806",2
10,마이크,"https://prod.danawa.com/list/?cate=10214913",2
11,올인원스피커,"https://prod.danawa.com/list/?cate=10224954",2
12,오디오/플레이어,"https://prod.danawa.com/list/?cate=1022807",2
13,AV/리시버,"https://prod.danawa.com/list/?cate=10252676",2
14,이어폰/헤드폰,"https://prod.danawa.com/list/?cate=11252453",2
15,액세서리,"https://prod.danawa.com/list/?cate=1022810",2
16,냉장고,"https://prod.danawa.com/list/?cate=102110",3
17,김치냉장고,"https://prod.danawa.com/list/?cate=102122",3
18,냉동고,"https://prod.danawa.com/list/?cate=10253551",3
19,전기밥솥,"https://prod.danawa.com/list/?cate=102123",3
20,식기세척기,"https://prod.danawa.com/list/?cate=102313",3
21,식기건조기,"https://prod.danawa.com/list/?cate=10253373",3
22,오븐,"https://prod.danawa.com/list/?cate=102124",3
23,전자레인지,"https://prod.danawa.com/list/?cate=10252984",3
24,인덕션,"https://prod.danawa.com/list/?cate=102132",3
25,정수기,"https://prod.danawa.com/list/?cate=10248475",3
26,세탁기,"https://prod.danawa.com/list/?cate=10251634",4
27,건조기,"https://prod.danawa.com/list/?cate=10221615",4
28,청소기,"https://prod.danawa.com/list/?cate=10254654",4
29,히터/난방기기,"https://prod.danawa.com/list/?cate=1022923",4
30,면도기/제모기,"https://prod.danawa.com/list/?cate=10248399",5
31,헤어기기,"https://prod.danawa.com/list/?cate=10248567",5
32,갤럭시북,"https://prod.danawa.com/list/?cate=11352253",6
33,그램,"https://prod.danawa.com/list/?cate=11352254",6
34,맥북,"https://prod.danawa.com/list/?cate=11343778",6
35,게이밍노트북,"https://prod.danawa.com/list/?cate=11252476",6
36,브랜드PC,"https://prod.danawa.com/list/?cate=11236094",6
37,조립PC,"https://prod.danawa.com/list/?cate=11236849",6
38,일체형PC,"https://prod.danawa.com/list/?cate=11231122",6
39,맥,"https://prod.danawa.com/list/?cate=11351196",6
40,일반모니터,"https://prod.danawa.com/list/?cate=112757",7
41,게이밍모니터,"https://prod.danawa.com/list/?cate=11252480",7
42,모니터주변기기,"https://prod.danawa.com/list/?cate=11230088",7
43,복합기,"https://prod.danawa.com/list/?cate=112994",7
44,프린터,"https://prod.danawa.com/list/?cate=1121001",7
45,CPU,"https://prod.danawa.com/list/?cate=112747",8
46,RAM,"https://prod.danawa.com/list/?cate=112752",8
47,VGA,"https://prod.danawa.com/list/?cate=112753",8
48,메인보드,"https://prod.danawa.com/list/?cate=112751",8
49,SSD,"https://prod.danawa.com/list/?cate=112760",8
50,HDD,"https://prod.danawa.com/list/?cate=112763",8
51,파워,"https://prod.danawa.com/list/?cate=112777",8
52,쿨러,"https://prod.danawa.com/list/?cate=11236855",8
53,케이스,"https://prod.danawa.com/list/?cate=112775",8
54,키보드,"https://prod.danawa.com/list/?cate=112782",8
55,마우스,"https://prod.danawa.com/list/?cate=112787",8
56,공유기,"https://prod.danawa.com/list/?cate=112804",8
57,웹캠,"https://prod.danawa.com/list/?cate=11253489",8
58,헤드셋,"https://prod.danawa.com/list/?cate=11252451",8
59,갤럭시,"https://prod.danawa.com/list/?cate=12242032",9
60,아이폰,"https://prod.danawa.com/list/?cate=12230496",9
61,샤오미,"https://prod.danawa.com/list/?cate=12329135",9
62,구글픽셀,"https://prod.danawa.com/list/?cate=12329141",9
63,아이패드,"https://prod.danawa.com/list/?cate=122579",10
64,갤럭시탭,"https://prod.danawa.com/list/?cate=12214026",10
65,레너버탭,"https://prod.danawa.com/list/?cate=12247032",10
66,윈도우OS,"https://prod.danawa.com/list/?cate=122582",10
67,전자책,"https://prod.danawa.com/list/?cate=12240455",10
68,태블릿액세서리,"https://prod.danawa.com/list/?cate=12247913",10
69,풀프레임,"https://prod.danawa.com/list/?cate=12344334",11
70,크롭,"https://prod.danawa.com/list/?cate=12344335",11
71,풀프레임,"https://prod.danawa.com/list/?cate=12344341",12
72,크롭,"https://prod.danawa.com/list/?cate=12344341",12
73,미러리스렌즈,"https://prod.danawa.com/list/?cate=12337512",13
74,DSLR렌즈,"https://prod.danawa.com/list/?cate=12337511",13
75,렌즈필터,"https://prod.danawa.com/list/?cate=12337517",13
76,렌즈후드/캡,"https://prod.danawa.com/list/?cate=12337518",13
77,컨버터/어댑터,"https://prod.danawa.com/list/?cate=12337520",13
78,케이스/커버,"https://prod.danawa.com/list/?cate=12337521",13
79,액션캠/짐벌캠,"https://prod.danawa.com/list/?cate=12337553",14
80,초소형캠,"https://prod.danawa.com/list/?cate=12337555",14
81,핸디캠코더,"https://prod.danawa.com/list/?cate=12337554",14
82,방송/시네마캠코더,"https://prod.danawa.com/list/?cate=12337556",14
83,메모리카드,"https://prod.danawa.com/list/?cate=12352664",14
84,케이스/보호필름,"https://prod.danawa.com/list/?cate=12352665",14
85,짐벌/삼각대/마운트,"https://prod.danawa.com/list/?cate=12352666",14
86,배터리충전기,"https://prod.danawa.com/list/?cate=12352667",14
87,마이크/조명/리모컨,"https://prod.danawa.com/list/?cate=12352668",14
88,즉석카메라,"https://prod.danawa.com/list/?cate=12337559",15
89,SLR/필름카메라,"https://prod.danawa.com/list/?cate=12337560",15
90,일회용 카메라,"https://prod.danawa.com/list/?cate=12337561",15
91,필름,"https://prod.danawa.com/list/?cate=12337562",15
92,액세서리,"https://prod.danawa.com/list/?cate=12337563",15
93,블랙박스,"https://prod.danawa.com/list/?cate=1429756",16
94,블랙박스액세서리,"https://prod.danawa.com/list/?cate=14245277",16
95,내비게이션,"https://prod.danawa.com/list/?cate=14222534",17
96,차량용스마트동글,"https://prod.danawa.com/list/?cate=14253531",17
97,하이패스,"https://prod.danawa.com/list/?cate=14222556",18
98,HUD,"https://prod.danawa.com/list/?cate=14235804",18
99,무선충전거치대,"https://prod.danawa.com/list/?cate=14246118",18